               epoch,      train/box_loss,      train/obj_loss,      train/cls_loss,   metrics/precision,      metrics/recall,     metrics/mAP_0.5,metrics/mAP_0.5:0.95,        val/box_loss,        val/obj_loss,        val/cls_loss,               x/lr0,               x/lr1,               x/lr2
                   0,            0.050758,             0.02229,                   0,             0.51336,             0.15872,             0.14202,            0.077878,            0.043124,           0.0070183,                   0,               0.082,               0.002,               0.002
                   1,            0.035435,           0.0053728,                   0,             0.66515,             0.47466,             0.47627,              0.2021,            0.032776,           0.0052113,                   0,            0.063086,           0.0040865,           0.0040865
                   2,            0.045418,           0.0047208,                   0,             0.61678,             0.54125,             0.55096,             0.19339,            0.031747,            0.004154,                   0,            0.044159,           0.0061591,           0.0061591
                   3,            0.042769,           0.0048081,                   0,             0.74199,             0.66169,             0.69561,             0.32598,            0.032086,           0.0040104,                   0,            0.025218,           0.0082178,           0.0082178
                   4,            0.044259,           0.0046114,                   0,             0.62179,             0.51327,             0.49316,             0.15111,            0.039928,           0.0050038,                   0,            0.009868,            0.009868,            0.009868
                   5,            0.046874,           0.0043553,                   0,             0.51789,             0.31858,             0.32442,            0.079075,            0.045475,           0.0054009,                   0,            0.009868,            0.009868,            0.009868
                   6,            0.046643,           0.0041498,                   0,             0.60285,             0.61793,             0.58216,             0.20567,            0.037349,           0.0041242,                   0,            0.009835,            0.009835,            0.009835
                   7,            0.047832,           0.0043571,                   0,             0.61676,             0.61947,             0.62875,             0.21793,             0.03311,           0.0040773,                   0,            0.009802,            0.009802,            0.009802
                   8,            0.038559,           0.0045149,                   0,             0.42518,             0.42478,             0.32516,            0.093964,            0.039082,           0.0044331,                   0,            0.009769,            0.009769,            0.009769
                   9,            0.041471,            0.004368,                   0,             0.64346,             0.70275,             0.63332,             0.21289,            0.035016,           0.0036763,                   0,            0.009736,            0.009736,            0.009736
                  10,            0.042034,            0.004152,                   0,             0.66337,             0.57522,             0.56704,              0.1782,            0.041009,           0.0035764,                   0,            0.009703,            0.009703,            0.009703
                  11,            0.040946,           0.0046141,                   0,             0.55939,             0.33628,             0.31404,             0.08844,             0.04494,           0.0050395,                   0,             0.00967,             0.00967,             0.00967
                  12,            0.038637,           0.0043136,                   0,             0.63069,             0.30088,             0.35215,             0.12985,            0.045831,            0.006033,                   0,            0.009637,            0.009637,            0.009637
                  13,            0.044603,           0.0044281,                   0,             0.73036,             0.72566,             0.67549,             0.21852,            0.033109,           0.0033235,                   0,            0.009604,            0.009604,            0.009604
                  14,            0.042723,           0.0042813,                   0,             0.75593,             0.65783,             0.65232,             0.26344,            0.033402,           0.0043127,                   0,            0.009571,            0.009571,            0.009571
                  15,            0.041874,           0.0042116,                   0,             0.69588,             0.62773,             0.65234,             0.24433,            0.032116,            0.004483,                   0,            0.009538,            0.009538,            0.009538
                  16,            0.040777,            0.004144,                   0,              0.6717,             0.63717,             0.62639,             0.20733,            0.034205,           0.0038264,                   0,            0.009505,            0.009505,            0.009505
                  17,            0.043267,           0.0042986,                   0,             0.75554,               0.465,              0.4823,             0.19295,             0.03594,           0.0058752,                   0,            0.009472,            0.009472,            0.009472
                  18,            0.036679,           0.0040561,                   0,             0.54562,             0.50442,              0.4129,             0.12677,            0.039663,           0.0044522,                   0,            0.009439,            0.009439,            0.009439
                  19,            0.044005,           0.0039172,                   0,             0.74735,             0.49558,             0.54128,             0.18282,            0.037381,           0.0045368,                   0,            0.009406,            0.009406,            0.009406
                  20,            0.035843,            0.003876,                   0,             0.81103,             0.44248,             0.51696,             0.18524,            0.037698,           0.0056296,                   0,            0.009373,            0.009373,            0.009373
                  21,            0.040904,            0.004087,                   0,             0.81717,             0.23736,             0.28242,             0.10792,            0.046467,           0.0058608,                   0,             0.00934,             0.00934,             0.00934
                  22,            0.039166,           0.0038043,                   0,             0.69714,             0.30973,             0.32078,             0.15406,            0.044997,           0.0054583,                   0,            0.009307,            0.009307,            0.009307
                  23,            0.037634,           0.0040582,                   0,             0.62676,             0.40126,             0.44685,             0.21019,            0.034396,           0.0059144,                   0,            0.009274,            0.009274,            0.009274
                  24,            0.031803,           0.0036412,                   0,             0.69992,             0.54867,             0.59509,             0.22255,            0.030014,           0.0053004,                   0,            0.009241,            0.009241,            0.009241
                  25,            0.039507,           0.0038253,                   0,             0.80053,             0.63932,             0.75091,             0.35876,            0.028974,           0.0047384,                   0,            0.009208,            0.009208,            0.009208
                  26,            0.034345,           0.0040455,                   0,             0.79961,             0.56501,             0.64627,             0.23249,            0.035716,           0.0048788,                   0,            0.009175,            0.009175,            0.009175
                  27,            0.037783,           0.0040611,                   0,             0.74717,             0.47077,             0.61085,             0.24966,            0.031213,           0.0055489,                   0,            0.009142,            0.009142,            0.009142
                  28,            0.037044,           0.0038869,                   0,             0.85819,             0.80336,             0.88477,             0.37805,              0.0255,           0.0031741,                   0,            0.009109,            0.009109,            0.009109
                  29,            0.036846,           0.0036183,                   0,              0.9121,             0.82649,             0.92204,             0.45539,            0.026745,           0.0033019,                   0,            0.009076,            0.009076,            0.009076
                  30,            0.035353,           0.0034139,                   0,             0.87337,             0.79346,             0.86918,             0.41921,            0.027777,           0.0041505,                   0,            0.009043,            0.009043,            0.009043
                  31,            0.035645,            0.003761,                   0,              0.8469,             0.63642,             0.73609,             0.36138,            0.028591,           0.0051266,                   0,             0.00901,             0.00901,             0.00901
                  32,            0.032921,            0.003609,                   0,             0.85603,             0.55752,             0.67254,             0.30701,            0.028371,           0.0053342,                   0,            0.008977,            0.008977,            0.008977
                  33,            0.031204,           0.0034702,                   0,             0.87772,             0.69873,             0.78702,              0.4092,            0.025979,           0.0046956,                   0,            0.008944,            0.008944,            0.008944
                  34,              0.0348,            0.003639,                   0,             0.79159,             0.77311,             0.85127,             0.40499,            0.028774,           0.0033054,                   0,            0.008911,            0.008911,            0.008911
                  35,            0.035953,              0.0034,                   0,             0.70065,             0.70427,             0.74715,             0.31527,            0.027225,            0.003717,                   0,            0.008878,            0.008878,            0.008878
                  36,            0.033801,           0.0037079,                   0,             0.72242,             0.88496,             0.85015,              0.3968,            0.028432,           0.0033233,                   0,            0.008845,            0.008845,            0.008845
                  37,            0.036665,           0.0038653,                   0,             0.78689,             0.88227,             0.87985,             0.40718,            0.027909,           0.0030539,                   0,            0.008812,            0.008812,            0.008812
                  38,            0.032587,            0.003769,                   0,             0.90421,             0.83537,             0.90823,             0.41435,             0.02877,           0.0028353,                   0,            0.008779,            0.008779,            0.008779
                  39,            0.035181,            0.003596,                   0,              0.9095,              0.8894,             0.96274,             0.47259,            0.030448,            0.002838,                   0,            0.008746,            0.008746,            0.008746
                  40,            0.032113,           0.0034484,                   0,             0.89447,             0.90016,             0.95972,             0.50953,            0.027283,           0.0029312,                   0,            0.008713,            0.008713,            0.008713
                  41,            0.034851,           0.0035396,                   0,             0.93185,             0.93805,             0.96088,             0.51549,            0.024078,           0.0027234,                   0,             0.00868,             0.00868,             0.00868
                  42,            0.034225,           0.0034548,                   0,             0.85468,             0.87611,             0.92078,             0.37115,            0.027797,           0.0027134,                   0,            0.008647,            0.008647,            0.008647
                  43,            0.030916,           0.0033733,                   0,             0.89269,             0.88496,             0.92621,             0.45445,            0.024918,           0.0028626,                   0,            0.008614,            0.008614,            0.008614
                  44,            0.030203,            0.003562,                   0,             0.92537,              0.8778,             0.93494,             0.48894,            0.021796,           0.0030301,                   0,            0.008581,            0.008581,            0.008581
                  45,            0.035451,           0.0033629,                   0,             0.86505,             0.68073,             0.75374,             0.31013,            0.029519,           0.0042689,                   0,            0.008548,            0.008548,            0.008548
                  46,            0.031436,           0.0036117,                   0,             0.90546,             0.79646,             0.86293,             0.49045,            0.023561,           0.0039682,                   0,            0.008515,            0.008515,            0.008515
                  47,            0.032236,           0.0035149,                   0,             0.85078,             0.81416,             0.91087,             0.45696,            0.022202,            0.003346,                   0,            0.008482,            0.008482,            0.008482
                  48,            0.032403,           0.0031765,                   0,             0.88931,              0.9292,             0.94475,             0.52031,            0.022435,           0.0028408,                   0,            0.008449,            0.008449,            0.008449
                  49,            0.031509,           0.0033949,                   0,             0.94212,             0.86436,             0.94985,             0.43527,            0.024692,           0.0027179,                   0,            0.008416,            0.008416,            0.008416
                  50,            0.028612,           0.0030445,                   0,             0.86676,             0.90265,             0.95473,             0.54151,            0.023503,           0.0027642,                   0,            0.008383,            0.008383,            0.008383
                  51,            0.029958,           0.0031699,                   0,             0.89339,             0.96403,             0.96578,             0.55025,            0.023516,           0.0028075,                   0,             0.00835,             0.00835,             0.00835
                  52,            0.034904,           0.0032323,                   0,             0.88718,             0.92035,              0.9324,             0.49065,            0.025291,             0.00275,                   0,            0.008317,            0.008317,            0.008317
                  53,             0.02827,           0.0030702,                   0,             0.86529,             0.92035,             0.94414,             0.44693,            0.022944,           0.0027113,                   0,            0.008284,            0.008284,            0.008284
                  54,            0.029771,           0.0034666,                   0,             0.87927,             0.90228,             0.93914,             0.49776,            0.025316,           0.0030913,                   0,            0.008251,            0.008251,            0.008251
                  55,            0.030635,            0.003525,                   0,             0.87715,             0.90265,             0.96196,             0.53611,            0.024792,           0.0032074,                   0,            0.008218,            0.008218,            0.008218
                  56,            0.031733,           0.0033448,                   0,             0.91159,             0.91242,             0.96215,              0.5114,            0.023883,           0.0027118,                   0,            0.008185,            0.008185,            0.008185
                  57,             0.03307,           0.0033719,                   0,             0.94552,             0.92161,             0.96534,             0.51617,             0.02498,           0.0026286,                   0,            0.008152,            0.008152,            0.008152
                  58,            0.026246,           0.0029121,                   0,             0.92713,             0.95575,             0.96915,             0.50477,             0.02188,           0.0025486,                   0,            0.008119,            0.008119,            0.008119
                  59,            0.027161,           0.0029271,                   0,             0.90114,             0.96803,             0.97248,             0.56129,            0.024204,           0.0025988,                   0,            0.008086,            0.008086,            0.008086
                  60,            0.030178,           0.0032972,                   0,             0.92734,             0.90359,             0.97164,             0.51947,            0.021151,           0.0026995,                   0,            0.008053,            0.008053,            0.008053
                  61,            0.027334,           0.0032701,                   0,             0.91962,             0.91123,             0.96307,              0.4488,            0.022515,           0.0026908,                   0,             0.00802,             0.00802,             0.00802
                  62,            0.025047,           0.0030577,                   0,             0.90561,             0.93396,             0.96203,             0.57328,            0.019967,           0.0027352,                   0,            0.007987,            0.007987,            0.007987
                  63,            0.029236,           0.0029362,                   0,             0.90611,              0.9469,             0.96726,             0.50792,            0.021703,           0.0027097,                   0,            0.007954,            0.007954,            0.007954
                  64,            0.026022,            0.002872,                   0,             0.95247,             0.88663,             0.96073,             0.55143,             0.02155,           0.0026766,                   0,            0.007921,            0.007921,            0.007921
                  65,            0.024479,           0.0031139,                   0,             0.93013,             0.94245,             0.96882,             0.53614,            0.020849,           0.0026894,                   0,            0.007888,            0.007888,            0.007888
                  66,            0.026502,           0.0028271,                   0,             0.92992,             0.93945,             0.97641,             0.52714,            0.020646,           0.0026841,                   0,            0.007855,            0.007855,            0.007855
                  67,            0.030777,           0.0032664,                   0,             0.91861,              0.9646,             0.97896,             0.55759,            0.021041,           0.0027405,                   0,            0.007822,            0.007822,            0.007822
                  68,            0.028035,           0.0032951,                   0,             0.93486,              0.9292,             0.96992,             0.58555,            0.023347,           0.0025799,                   0,            0.007789,            0.007789,            0.007789
                  69,            0.027418,           0.0030901,                   0,             0.97114,             0.89343,             0.96637,             0.52609,             0.01987,           0.0027972,                   0,            0.007756,            0.007756,            0.007756
                  70,            0.021925,           0.0029134,                   0,             0.93416,             0.86726,              0.9655,             0.43632,            0.023391,             0.00266,                   0,            0.007723,            0.007723,            0.007723
                  71,            0.028631,           0.0029293,                   0,             0.88267,             0.89381,             0.92559,             0.57193,            0.019921,           0.0033271,                   0,             0.00769,             0.00769,             0.00769
                  72,            0.029137,           0.0031828,                   0,             0.89445,             0.93805,             0.96724,             0.55086,            0.021671,           0.0026338,                   0,            0.007657,            0.007657,            0.007657
                  73,            0.027044,           0.0030839,                   0,             0.95839,             0.81534,             0.92759,             0.46537,            0.024597,           0.0031802,                   0,            0.007624,            0.007624,            0.007624
                  74,            0.026869,             0.00288,                   0,             0.87364,             0.85661,             0.95544,             0.54689,            0.020826,           0.0029808,                   0,            0.007591,            0.007591,            0.007591
                  75,             0.02863,            0.003263,                   0,             0.92922,             0.92949,             0.96537,              0.5729,            0.020649,           0.0025556,                   0,            0.007558,            0.007558,            0.007558
                  76,            0.024746,           0.0030061,                   0,             0.93515,             0.88496,             0.96592,             0.49344,            0.020079,            0.002609,                   0,            0.007525,            0.007525,            0.007525
                  77,            0.026859,           0.0028731,                   0,             0.95892,              0.8264,             0.92966,             0.49315,            0.019799,           0.0029471,                   0,            0.007492,            0.007492,            0.007492
                  78,            0.027386,           0.0028115,                   0,              0.9863,             0.79646,             0.95104,             0.50936,            0.021544,             0.00283,                   0,            0.007459,            0.007459,            0.007459
                  79,            0.025622,           0.0029493,                   0,             0.93978,             0.87611,             0.96401,             0.55216,            0.020396,           0.0027105,                   0,            0.007426,            0.007426,            0.007426
                  80,            0.026797,           0.0033273,                   0,             0.91123,             0.89381,             0.94354,             0.57586,            0.020672,           0.0026946,                   0,            0.007393,            0.007393,            0.007393
                  81,            0.023703,           0.0029975,                   0,             0.90573,              0.9115,             0.94273,             0.52298,            0.021091,           0.0027897,                   0,             0.00736,             0.00736,             0.00736
                  82,            0.025632,           0.0030324,                   0,             0.93449,             0.86726,             0.95599,              0.5779,            0.019088,           0.0027415,                   0,            0.007327,            0.007327,            0.007327
                  83,            0.027761,           0.0029362,                   0,              0.9039,             0.83238,              0.9289,             0.51527,            0.022651,           0.0029445,                   0,            0.007294,            0.007294,            0.007294
                  84,             0.02518,           0.0027421,                   0,             0.88197,             0.92578,             0.95917,             0.52096,            0.021208,           0.0028419,                   0,            0.007261,            0.007261,            0.007261
                  85,            0.026292,           0.0030198,                   0,             0.87531,              0.9469,              0.9743,             0.57181,            0.018939,           0.0025709,                   0,            0.007228,            0.007228,            0.007228
                  86,            0.022431,           0.0028681,                   0,             0.92702,              0.9292,             0.97092,             0.61177,            0.019031,           0.0025292,                   0,            0.007195,            0.007195,            0.007195
                  87,            0.024287,           0.0027511,                   0,             0.89979,             0.87406,             0.94421,             0.57469,             0.02018,           0.0025719,                   0,            0.007162,            0.007162,            0.007162
                  88,            0.029114,           0.0030549,                   0,             0.89777,             0.93256,             0.96062,              0.5623,            0.017685,           0.0025539,                   0,            0.007129,            0.007129,            0.007129
                  89,             0.02509,           0.0032495,                   0,             0.86176,             0.93783,               0.955,             0.57864,             0.01786,           0.0024905,                   0,            0.007096,            0.007096,            0.007096
                  90,            0.023974,           0.0030319,                   0,             0.91203,              0.9115,             0.96658,             0.58729,            0.018754,           0.0024503,                   0,            0.007063,            0.007063,            0.007063
                  91,            0.025736,            0.002936,                   0,             0.89963,             0.95575,             0.97977,             0.62007,            0.019666,           0.0023993,                   0,             0.00703,             0.00703,             0.00703
                  92,            0.021807,           0.0027508,                   0,             0.91376,             0.93766,             0.97251,             0.60113,            0.018254,           0.0024748,                   0,            0.006997,            0.006997,            0.006997
                  93,            0.026002,           0.0030933,                   0,             0.90246,              0.9292,             0.95792,             0.55587,            0.017997,           0.0025314,                   0,            0.006964,            0.006964,            0.006964
                  94,            0.025941,           0.0028698,                   0,             0.90282,             0.93805,             0.97184,             0.61071,            0.017692,           0.0025562,                   0,            0.006931,            0.006931,            0.006931
                  95,            0.026682,           0.0029214,                   0,              0.9254,              0.9292,             0.97482,             0.60543,            0.017926,           0.0025338,                   0,            0.006898,            0.006898,            0.006898
                  96,            0.021808,           0.0029816,                   0,             0.93945,              0.9115,             0.97572,             0.61593,            0.018087,           0.0024819,                   0,            0.006865,            0.006865,            0.006865
                  97,            0.025351,           0.0029682,                   0,             0.94576,             0.90265,              0.9709,             0.59566,            0.020111,           0.0025553,                   0,            0.006832,            0.006832,            0.006832
                  98,            0.024304,           0.0029009,                   0,             0.93957,             0.90265,             0.97831,             0.61198,            0.016987,           0.0025081,                   0,            0.006799,            0.006799,            0.006799
                  99,            0.025371,           0.0029682,                   0,             0.93921,             0.85841,             0.95076,             0.52573,             0.01851,           0.0029719,                   0,            0.006766,            0.006766,            0.006766
                 100,            0.025537,           0.0032867,                   0,             0.95462,              0.9309,             0.98088,             0.57594,            0.018217,           0.0024943,                   0,            0.006733,            0.006733,            0.006733
                 101,             0.02374,           0.0027855,                   0,             0.98092,             0.90999,              0.9762,             0.57434,            0.017691,           0.0025178,                   0,              0.0067,              0.0067,              0.0067
                 102,            0.024329,           0.0029288,                   0,             0.96977,             0.86726,             0.96673,             0.59043,            0.017502,           0.0025514,                   0,            0.006667,            0.006667,            0.006667
                 103,            0.025605,           0.0030457,                   0,             0.91345,             0.93406,             0.97211,             0.62346,            0.015628,            0.002456,                   0,            0.006634,            0.006634,            0.006634
                 104,            0.022844,           0.0027995,                   0,             0.97083,              0.9115,             0.97619,             0.59769,            0.015931,           0.0024565,                   0,            0.006601,            0.006601,            0.006601
                 105,             0.02336,           0.0027449,                   0,             0.89691,             0.95575,             0.96992,             0.56253,            0.019252,           0.0024892,                   0,            0.006568,            0.006568,            0.006568
                 106,            0.022675,           0.0024437,                   0,             0.94709,             0.87611,             0.97431,             0.58646,            0.018753,           0.0025492,                   0,            0.006535,            0.006535,            0.006535
                 107,            0.025379,           0.0027024,                   0,             0.95156,             0.86928,             0.97229,             0.61631,            0.020489,           0.0025438,                   0,            0.006502,            0.006502,            0.006502
                 108,            0.027042,           0.0030173,                   0,             0.92421,             0.89381,             0.96938,             0.59625,            0.017526,           0.0025055,                   0,            0.006469,            0.006469,            0.006469
                 109,            0.019789,           0.0027154,                   0,             0.96134,             0.88036,             0.97816,             0.61214,            0.017056,           0.0024962,                   0,            0.006436,            0.006436,            0.006436
                 110,            0.023704,           0.0028099,                   0,             0.97785,             0.87611,             0.97637,             0.59876,            0.018221,           0.0025197,                   0,            0.006403,            0.006403,            0.006403
                 111,            0.019925,           0.0027705,                   0,             0.91296,              0.9292,             0.97783,             0.58964,            0.017685,           0.0025715,                   0,             0.00637,             0.00637,             0.00637
                 112,             0.02382,           0.0030178,                   0,             0.95899,              0.9292,             0.98377,             0.58084,             0.02134,           0.0023525,                   0,            0.006337,            0.006337,            0.006337
                 113,            0.022231,           0.0028033,                   0,             0.96682,             0.92035,             0.97873,             0.60421,            0.020959,           0.0023213,                   0,            0.006304,            0.006304,            0.006304
                 114,            0.021215,           0.0027992,                   0,             0.98613,             0.90265,             0.97896,             0.62187,            0.019764,            0.002445,                   0,            0.006271,            0.006271,            0.006271
                 115,            0.023391,           0.0026951,                   0,             0.97007,             0.93805,             0.98352,             0.62237,            0.018668,           0.0024092,                   0,            0.006238,            0.006238,            0.006238
                 116,            0.022512,           0.0028605,                   0,              0.9246,              0.9469,              0.9807,             0.60991,            0.015965,           0.0023443,                   0,            0.006205,            0.006205,            0.006205
                 117,            0.025666,           0.0026233,                   0,             0.91406,             0.94127,             0.97698,             0.62284,             0.01714,           0.0024227,                   0,            0.006172,            0.006172,            0.006172
                 118,            0.021533,           0.0031433,                   0,             0.97403,             0.84956,             0.96428,             0.59713,              0.0175,           0.0025695,                   0,            0.006139,            0.006139,            0.006139
                 119,             0.02099,           0.0028882,                   0,             0.98143,             0.84956,             0.95796,             0.58624,            0.018729,           0.0026283,                   0,            0.006106,            0.006106,            0.006106
                 120,            0.023544,           0.0028828,                   0,             0.95171,             0.87208,              0.9714,               0.599,            0.016338,           0.0025621,                   0,            0.006073,            0.006073,            0.006073
                 121,            0.023266,           0.0029312,                   0,             0.91997,             0.95575,             0.97389,             0.59258,            0.019065,           0.0023608,                   0,             0.00604,             0.00604,             0.00604
                 122,              0.0218,           0.0026617,                   0,             0.92347,             0.96104,             0.97473,              0.5854,            0.019646,           0.0023115,                   0,            0.006007,            0.006007,            0.006007
                 123,            0.020823,            0.002812,                   0,             0.90078,             0.99115,             0.97836,             0.59429,            0.015866,           0.0023417,                   0,            0.005974,            0.005974,            0.005974
                 124,            0.021199,            0.002751,                   0,             0.90732,             0.97345,             0.97795,             0.62208,            0.015125,           0.0023413,                   0,            0.005941,            0.005941,            0.005941
                 125,            0.020987,           0.0027306,                   0,             0.92644,             0.92035,             0.97601,             0.62912,            0.015901,           0.0023073,                   0,            0.005908,            0.005908,            0.005908
                 126,            0.018739,           0.0026958,                   0,             0.94554,             0.87611,             0.97357,              0.6419,             0.01473,           0.0023334,                   0,            0.005875,            0.005875,            0.005875
                 127,            0.017731,           0.0026297,                   0,             0.94347,             0.88612,             0.96759,             0.63081,             0.01419,           0.0024095,                   0,            0.005842,            0.005842,            0.005842
                 128,            0.019831,            0.002808,                   0,             0.90961,              0.8906,             0.96889,             0.62407,            0.015911,           0.0023805,                   0,            0.005809,            0.005809,            0.005809
                 129,            0.020289,           0.0025182,                   0,             0.91207,              0.9179,             0.97056,             0.62863,            0.015771,           0.0023742,                   0,            0.005776,            0.005776,            0.005776
                 130,            0.020436,           0.0023902,                   0,             0.90251,              0.9469,             0.98174,             0.61415,            0.014726,           0.0023291,                   0,            0.005743,            0.005743,            0.005743
                 131,            0.023506,           0.0029676,                   0,             0.93096,             0.95461,             0.98312,             0.63766,            0.014938,           0.0023383,                   0,             0.00571,             0.00571,             0.00571
                 132,            0.021508,           0.0029228,                   0,             0.92354,             0.96198,             0.97666,             0.60175,              0.0177,           0.0024079,                   0,            0.005677,            0.005677,            0.005677
                 133,             0.02014,           0.0026843,                   0,             0.92111,             0.92992,             0.96581,             0.59171,            0.016719,           0.0024981,                   0,            0.005644,            0.005644,            0.005644
                 134,            0.020853,           0.0025447,                   0,             0.89847,              0.9646,             0.96718,             0.60448,            0.017324,           0.0023888,                   0,            0.005611,            0.005611,            0.005611
                 135,            0.019181,            0.002525,                   0,             0.95746,              0.9292,             0.98469,              0.6024,            0.016227,           0.0024124,                   0,            0.005578,            0.005578,            0.005578
                 136,            0.019371,           0.0026444,                   0,             0.93024,              0.9646,             0.98584,              0.6184,            0.016283,           0.0023097,                   0,            0.005545,            0.005545,            0.005545
                 137,            0.017874,           0.0024765,                   0,             0.93522,              0.9646,             0.98128,             0.63772,            0.016264,           0.0022744,                   0,            0.005512,            0.005512,            0.005512
                 138,            0.020801,           0.0028115,                   0,             0.91766,             0.95575,              0.9803,             0.64517,            0.016236,            0.002267,                   0,            0.005479,            0.005479,            0.005479
                 139,            0.018714,           0.0025353,                   0,             0.94297,             0.93805,             0.98169,             0.64534,            0.015539,           0.0022895,                   0,            0.005446,            0.005446,            0.005446
                 140,            0.020177,           0.0026395,                   0,             0.95164,             0.93805,             0.98314,             0.65548,            0.015143,           0.0022499,                   0,            0.005413,            0.005413,            0.005413
                 141,            0.020741,           0.0026511,                   0,             0.95089,              0.9115,             0.97676,             0.63795,            0.014943,           0.0022684,                   0,             0.00538,             0.00538,             0.00538
                 142,            0.019896,           0.0025348,                   0,             0.95322,              0.9115,             0.97684,             0.64353,            0.014883,           0.0022207,                   0,            0.005347,            0.005347,            0.005347
                 143,            0.020366,           0.0024534,                   0,             0.93694,             0.92035,             0.98043,             0.66773,            0.015385,           0.0021735,                   0,            0.005314,            0.005314,            0.005314
                 144,            0.019428,           0.0025603,                   0,             0.95458,             0.93002,             0.98646,             0.61676,            0.017624,           0.0022563,                   0,            0.005281,            0.005281,            0.005281
                 145,            0.016706,           0.0026218,                   0,             0.98124,             0.92573,             0.98817,             0.65211,            0.018252,           0.0021828,                   0,            0.005248,            0.005248,            0.005248
                 146,            0.019948,           0.0027574,                   0,             0.96422,             0.95398,             0.99002,             0.62647,            0.016188,           0.0021825,                   0,            0.005215,            0.005215,            0.005215
                 147,            0.022146,           0.0026647,                   0,             0.96074,             0.93805,             0.98566,             0.63429,            0.018396,           0.0023134,                   0,            0.005182,            0.005182,            0.005182
                 148,            0.023503,           0.0026458,                   0,             0.97172,             0.91221,             0.98559,             0.58251,            0.015926,           0.0023963,                   0,            0.005149,            0.005149,            0.005149
                 149,            0.018689,           0.0025167,                   0,              0.9629,             0.89381,             0.98109,             0.63471,            0.014981,           0.0023556,                   0,            0.005116,            0.005116,            0.005116
                 150,            0.019935,           0.0026477,                   0,             0.90631,             0.92035,              0.9745,              0.5982,            0.016642,           0.0023972,                   0,            0.005083,            0.005083,            0.005083
                 151,            0.021334,           0.0027177,                   0,             0.86646,             0.91875,             0.96567,             0.64067,            0.014658,           0.0024626,                   0,             0.00505,             0.00505,             0.00505
                 152,            0.017659,           0.0026479,                   0,             0.88543,             0.95745,             0.97377,             0.62984,             0.01599,            0.002323,                   0,            0.005017,            0.005017,            0.005017
                 153,            0.018759,           0.0026589,                   0,             0.89284,             0.95859,             0.97604,             0.64844,             0.01376,           0.0023725,                   0,            0.004984,            0.004984,            0.004984
                 154,            0.015788,           0.0023804,                   0,             0.91762,              0.9469,             0.97788,             0.65106,            0.015405,           0.0023501,                   0,            0.004951,            0.004951,            0.004951
                 155,            0.018953,           0.0024556,                   0,             0.91507,              0.9823,             0.98373,             0.66067,             0.01685,           0.0023019,                   0,            0.004918,            0.004918,            0.004918
                 156,            0.019708,           0.0024576,                   0,             0.90188,              0.9761,             0.97904,             0.62625,            0.014503,            0.002265,                   0,            0.004885,            0.004885,            0.004885
                 157,            0.018305,           0.0025233,                   0,             0.91675,             0.99115,             0.97812,             0.64515,            0.013826,           0.0022394,                   0,            0.004852,            0.004852,            0.004852
                 158,            0.017551,           0.0023252,                   0,             0.91336,             0.93296,             0.96188,             0.62611,            0.016357,           0.0024164,                   0,            0.004819,            0.004819,            0.004819
                 159,            0.018129,           0.0022238,                   0,             0.90615,             0.92035,             0.96357,             0.64327,            0.015416,           0.0023503,                   0,            0.004786,            0.004786,            0.004786
                 160,            0.019469,           0.0025954,                   0,             0.96218,             0.90052,             0.97513,             0.64488,            0.013282,           0.0022474,                   0,            0.004753,            0.004753,            0.004753
                 161,            0.018724,           0.0025033,                   0,             0.93479,              0.9469,             0.98143,             0.66358,            0.012722,           0.0022157,                   0,             0.00472,             0.00472,             0.00472
                 162,             0.02115,           0.0026601,                   0,             0.94343,             0.93805,             0.97961,             0.66735,            0.013489,           0.0022306,                   0,            0.004687,            0.004687,            0.004687
                 163,            0.019112,           0.0025751,                   0,              0.9629,             0.91872,             0.98305,             0.60257,            0.016296,           0.0023026,                   0,            0.004654,            0.004654,            0.004654
                 164,            0.019182,           0.0025055,                   0,             0.99015,             0.88983,             0.98271,             0.64011,            0.014902,            0.002334,                   0,            0.004621,            0.004621,            0.004621
                 165,            0.020711,           0.0027277,                   0,              0.9595,             0.92035,             0.98013,             0.63351,            0.014506,           0.0022392,                   0,            0.004588,            0.004588,            0.004588
                 166,             0.01799,           0.0024285,                   0,              0.9571,             0.92035,             0.97877,             0.66551,            0.015366,           0.0022144,                   0,            0.004555,            0.004555,            0.004555
                 167,            0.019251,           0.0024157,                   0,             0.94267,              0.9292,              0.9784,             0.66741,            0.014916,            0.002234,                   0,            0.004522,            0.004522,            0.004522
                 168,            0.017109,           0.0024671,                   0,             0.96297,             0.92063,             0.98348,             0.65028,             0.01456,           0.0022473,                   0,            0.004489,            0.004489,            0.004489
                 169,            0.018199,           0.0023492,                   0,             0.92598,             0.95575,             0.98488,             0.63468,            0.018517,           0.0022221,                   0,            0.004456,            0.004456,            0.004456
                 170,            0.018346,            0.002658,                   0,             0.98085,             0.90671,              0.9849,             0.62196,            0.015925,           0.0023521,                   0,            0.004423,            0.004423,            0.004423
                 171,            0.018831,           0.0027094,                   0,             0.94676,             0.93805,             0.98781,             0.64718,            0.014743,           0.0023518,                   0,             0.00439,             0.00439,             0.00439
                 172,            0.013948,           0.0022442,                   0,             0.95207,             0.95575,             0.98563,             0.63819,            0.015804,           0.0022575,                   0,            0.004357,            0.004357,            0.004357
                 173,            0.016968,           0.0022589,                   0,             0.93038,              0.9646,             0.98449,             0.68479,            0.015052,           0.0021996,                   0,            0.004324,            0.004324,            0.004324
                 174,            0.020063,           0.0026764,                   0,             0.92357,             0.96244,             0.98269,             0.68979,            0.013824,           0.0021908,                   0,            0.004291,            0.004291,            0.004291
                 175,            0.019028,            0.002426,                   0,             0.90883,             0.97041,             0.98161,             0.68967,            0.017403,           0.0021821,                   0,            0.004258,            0.004258,            0.004258
                 176,            0.015902,              0.0024,                   0,             0.95264,             0.89004,             0.98123,             0.67936,            0.017094,           0.0022005,                   0,            0.004225,            0.004225,            0.004225
                 177,            0.018258,           0.0024576,                   0,             0.97129,             0.89824,             0.98089,             0.66562,            0.015792,           0.0022154,                   0,            0.004192,            0.004192,            0.004192
                 178,            0.018203,           0.0023525,                   0,             0.93677,              0.9292,             0.98208,             0.67427,            0.016492,           0.0021531,                   0,            0.004159,            0.004159,            0.004159
                 179,            0.019365,           0.0022997,                   0,             0.92663,             0.89417,             0.97594,             0.62519,            0.016161,           0.0022521,                   0,            0.004126,            0.004126,            0.004126
                 180,            0.018619,           0.0023812,                   0,             0.96875,             0.86726,              0.9758,             0.66634,            0.014174,           0.0022733,                   0,            0.004093,            0.004093,            0.004093
                 181,            0.017771,           0.0024835,                   0,             0.86255,              0.9469,              0.9742,             0.63659,            0.015106,           0.0023243,                   0,             0.00406,             0.00406,             0.00406
                 182,            0.015577,           0.0023111,                   0,             0.98974,              0.8536,             0.97659,             0.65431,            0.015052,           0.0023219,                   0,            0.004027,            0.004027,            0.004027
                 183,            0.016112,           0.0022549,                   0,             0.92451,             0.92035,                0.98,             0.66401,            0.016393,           0.0022644,                   0,            0.003994,            0.003994,            0.003994
                 184,            0.014984,           0.0023194,                   0,             0.96505,             0.89381,             0.98278,             0.64723,            0.015123,           0.0022379,                   0,            0.003961,            0.003961,            0.003961
                 185,             0.01633,           0.0025332,                   0,             0.89349,             0.96512,             0.97814,             0.64397,            0.013918,           0.0022098,                   0,            0.003928,            0.003928,            0.003928
                 186,            0.016706,           0.0025494,                   0,              0.9616,             0.92035,             0.98164,             0.64688,            0.014994,           0.0022297,                   0,            0.003895,            0.003895,            0.003895
                 187,            0.015615,           0.0023698,                   0,             0.90076,             0.96387,             0.98248,             0.66729,            0.014849,           0.0021494,                   0,            0.003862,            0.003862,            0.003862
                 188,            0.018318,           0.0023279,                   0,             0.89792,              0.9823,             0.98303,             0.67982,             0.01548,           0.0021345,                   0,            0.003829,            0.003829,            0.003829
                 189,            0.016984,           0.0022953,                   0,             0.92241,             0.94682,             0.98174,             0.67092,            0.016137,           0.0021697,                   0,            0.003796,            0.003796,            0.003796
                 190,            0.016521,           0.0022861,                   0,             0.94445,             0.90272,             0.98065,              0.6846,            0.014805,             0.00221,                   0,            0.003763,            0.003763,            0.003763
                 191,            0.015692,           0.0021589,                   0,             0.94314,             0.90265,             0.98078,             0.68503,            0.013238,            0.002211,                   0,             0.00373,             0.00373,             0.00373
                 192,            0.019402,           0.0023897,                   0,             0.91318,             0.93078,              0.9783,             0.69303,            0.012206,           0.0022511,                   0,            0.003697,            0.003697,            0.003697
                 193,            0.014885,           0.0021652,                   0,             0.90335,             0.93805,             0.97834,             0.68956,            0.012929,           0.0022046,                   0,            0.003664,            0.003664,            0.003664
                 194,            0.015257,           0.0022572,                   0,             0.88939,              0.9469,             0.97828,             0.66377,            0.012221,            0.002294,                   0,            0.003631,            0.003631,            0.003631
                 195,            0.015547,           0.0021878,                   0,             0.91019,              0.9469,             0.98031,             0.66238,            0.011886,           0.0022972,                   0,            0.003598,            0.003598,            0.003598
                 196,            0.014612,             0.00238,                   0,             0.91595,             0.96441,             0.98076,             0.64983,            0.014455,           0.0022713,                   0,            0.003565,            0.003565,            0.003565
                 197,            0.016852,           0.0025136,                   0,             0.93067,              0.9646,             0.98715,             0.69054,            0.013247,           0.0021772,                   0,            0.003532,            0.003532,            0.003532
                 198,            0.017962,           0.0023872,                   0,             0.92425,             0.97179,             0.98728,             0.69529,            0.013933,           0.0021715,                   0,            0.003499,            0.003499,            0.003499
                 199,            0.017019,           0.0023548,                   0,             0.93945,             0.96109,             0.98613,              0.7082,            0.013799,           0.0021451,                   0,            0.003466,            0.003466,            0.003466
                 200,             0.01578,           0.0022002,                   0,             0.90711,             0.95067,             0.98102,             0.71151,            0.013798,           0.0021765,                   0,            0.003433,            0.003433,            0.003433
                 201,            0.012572,           0.0020895,                   0,             0.91422,             0.94315,             0.98146,             0.66851,            0.013929,           0.0021901,                   0,              0.0034,              0.0034,              0.0034
                 202,            0.013891,           0.0023048,                   0,             0.91431,             0.94421,             0.98235,              0.6696,            0.013025,           0.0022385,                   0,            0.003367,            0.003367,            0.003367
                 203,            0.017197,           0.0024666,                   0,              0.8931,             0.95575,             0.98139,             0.68725,            0.013123,           0.0021842,                   0,            0.003334,            0.003334,            0.003334
                 204,            0.019003,           0.0022975,                   0,             0.94652,             0.93967,             0.98657,             0.67431,            0.012806,           0.0021698,                   0,            0.003301,            0.003301,            0.003301
                 205,             0.01444,           0.0023227,                   0,              0.9307,              0.9823,             0.98636,             0.66668,            0.012284,            0.002204,                   0,            0.003268,            0.003268,            0.003268
                 206,            0.014919,           0.0021601,                   0,             0.92471,              0.9782,             0.98649,             0.68823,            0.012457,            0.002169,                   0,            0.003235,            0.003235,            0.003235
                 207,             0.01854,           0.0022763,                   0,             0.91707,             0.97865,             0.98549,             0.68462,            0.012904,           0.0021784,                   0,            0.003202,            0.003202,            0.003202
                 208,            0.012587,           0.0020972,                   0,               0.954,             0.91763,             0.98508,              0.6783,            0.013888,           0.0021907,                   0,            0.003169,            0.003169,            0.003169
                 209,            0.016372,           0.0021767,                   0,              0.9629,              0.9188,             0.98507,             0.67171,            0.013332,           0.0021988,                   0,            0.003136,            0.003136,            0.003136
                 210,            0.013436,           0.0020974,                   0,             0.96289,             0.91849,             0.98683,             0.69904,            0.013154,            0.002166,                   0,            0.003103,            0.003103,            0.003103
                 211,            0.014679,            0.002135,                   0,             0.90851,             0.99115,             0.98619,             0.69026,            0.013452,           0.0021451,                   0,             0.00307,             0.00307,             0.00307
                 212,            0.015246,           0.0020611,                   0,             0.90807,             0.96159,             0.98329,              0.6987,             0.01366,           0.0021814,                   0,            0.003037,            0.003037,            0.003037
                 213,            0.013995,           0.0022998,                   0,             0.92289,              0.9469,             0.98354,             0.69105,             0.01185,           0.0021823,                   0,            0.003004,            0.003004,            0.003004
                 214,            0.014068,           0.0024393,                   0,             0.98031,             0.90265,              0.9839,             0.69068,             0.01222,           0.0021502,                   0,            0.002971,            0.002971,            0.002971
                 215,            0.015996,           0.0023004,                   0,             0.91701,              0.9646,             0.98506,             0.68669,            0.012089,           0.0021218,                   0,            0.002938,            0.002938,            0.002938
                 216,            0.014153,           0.0021138,                   0,             0.94683,              0.9469,             0.98481,              0.6805,            0.014696,           0.0021725,                   0,            0.002905,            0.002905,            0.002905
                 217,            0.014305,           0.0023358,                   0,             0.90907,             0.99115,             0.98624,             0.68238,            0.013524,           0.0021621,                   0,            0.002872,            0.002872,            0.002872
                 218,            0.014321,           0.0021937,                   0,             0.93262,              0.9469,              0.9835,             0.64711,            0.012608,           0.0022963,                   0,            0.002839,            0.002839,            0.002839
                 219,            0.014598,           0.0022457,                   0,             0.93825,             0.94128,             0.98196,             0.65431,            0.012619,           0.0023405,                   0,            0.002806,            0.002806,            0.002806
                 220,            0.014959,           0.0021946,                   0,             0.93806,             0.93814,              0.9838,             0.66986,            0.013639,           0.0021906,                   0,            0.002773,            0.002773,            0.002773
                 221,            0.011934,           0.0020883,                   0,             0.92107,             0.92941,             0.98239,             0.67871,             0.01411,           0.0021285,                   0,             0.00274,             0.00274,             0.00274
                 222,            0.015765,           0.0021716,                   0,             0.93896,               0.953,             0.98311,              0.6688,            0.012426,           0.0021568,                   0,            0.002707,            0.002707,            0.002707
                 223,            0.014949,           0.0022063,                   0,             0.92927,              0.9469,              0.9829,             0.66842,            0.011965,            0.002208,                   0,            0.002674,            0.002674,            0.002674
                 224,            0.013647,           0.0023962,                   0,             0.93654,              0.9646,             0.98647,             0.69496,            0.011337,           0.0021851,                   0,            0.002641,            0.002641,            0.002641
                 225,            0.014003,           0.0022613,                   0,             0.89571,             0.99115,             0.98451,             0.69581,            0.011554,           0.0021838,                   0,            0.002608,            0.002608,            0.002608
                 226,            0.013115,            0.002309,                   0,             0.89505,             0.98111,             0.98499,             0.70559,            0.014224,             0.00214,                   0,            0.002575,            0.002575,            0.002575
                 227,            0.013792,           0.0022081,                   0,             0.91365,             0.97345,              0.9865,             0.69648,            0.014084,            0.002155,                   0,            0.002542,            0.002542,            0.002542
                 228,            0.012942,           0.0020109,                   0,             0.91693,             0.97685,             0.98667,             0.69054,            0.012049,           0.0021348,                   0,            0.002509,            0.002509,            0.002509
                 229,            0.012224,           0.0020563,                   0,             0.91429,             0.97345,             0.98638,             0.70119,            0.011811,           0.0020862,                   0,            0.002476,            0.002476,            0.002476
                 230,            0.013979,           0.0023145,                   0,             0.91571,             0.96144,             0.98515,             0.70057,            0.011848,             0.00207,                   0,            0.002443,            0.002443,            0.002443
                 231,            0.012631,           0.0020916,                   0,             0.91612,             0.96656,              0.9862,             0.70287,            0.012164,           0.0021027,                   0,             0.00241,             0.00241,             0.00241
                 232,            0.012745,           0.0018865,                   0,             0.92425,             0.97179,             0.98641,             0.70502,            0.011957,             0.00213,                   0,            0.002377,            0.002377,            0.002377
                 233,            0.015109,           0.0024989,                   0,             0.92459,             0.97657,             0.98643,              0.7011,            0.011501,           0.0021307,                   0,            0.002344,            0.002344,            0.002344
                 234,            0.014854,           0.0021603,                   0,             0.91925,              0.9823,             0.98645,             0.68891,            0.012716,           0.0021296,                   0,            0.002311,            0.002311,            0.002311
                 235,            0.013316,           0.0019915,                   0,              0.9096,              0.9795,             0.98501,             0.68681,            0.012592,           0.0021246,                   0,            0.002278,            0.002278,            0.002278
                 236,            0.012725,           0.0019909,                   0,             0.89872,              0.9823,             0.98525,             0.68725,            0.012518,           0.0021423,                   0,            0.002245,            0.002245,            0.002245
                 237,            0.012904,            0.002134,                   0,             0.90836,              0.9823,             0.98574,             0.68887,            0.013097,           0.0021269,                   0,            0.002212,            0.002212,            0.002212
                 238,            0.013286,           0.0021534,                   0,             0.91718,             0.98003,              0.9865,             0.70513,            0.012481,           0.0021035,                   0,            0.002179,            0.002179,            0.002179
                 239,            0.011934,           0.0022137,                   0,             0.92475,             0.97882,             0.98594,             0.71903,            0.011877,           0.0020935,                   0,            0.002146,            0.002146,            0.002146
                 240,            0.013354,           0.0022322,                   0,             0.92469,             0.97801,             0.98548,             0.70102,            0.012746,           0.0020902,                   0,            0.002113,            0.002113,            0.002113
                 241,            0.011794,           0.0021726,                   0,              0.9166,             0.97257,             0.98551,             0.69426,            0.013236,           0.0020993,                   0,             0.00208,             0.00208,             0.00208
                 242,            0.012451,           0.0020402,                   0,             0.90901,              0.9823,             0.98478,             0.70668,            0.012661,           0.0020968,                   0,            0.002047,            0.002047,            0.002047
                 243,            0.012025,           0.0020375,                   0,             0.90937,             0.97345,             0.98604,             0.71602,            0.012676,           0.0020681,                   0,            0.002014,            0.002014,            0.002014
                 244,            0.013925,           0.0021138,                   0,             0.91716,             0.97974,             0.98613,             0.71276,            0.012384,           0.0020772,                   0,            0.001981,            0.001981,            0.001981
                 245,            0.011795,           0.0018518,                   0,             0.93789,             0.97345,             0.98698,             0.68609,            0.012044,           0.0020753,                   0,            0.001948,            0.001948,            0.001948
                 246,            0.013404,            0.002108,                   0,             0.94915,              0.9469,             0.98727,             0.67154,            0.011952,           0.0020919,                   0,            0.001915,            0.001915,            0.001915
                 247,            0.011534,           0.0019481,                   0,             0.96334,             0.93014,             0.98807,             0.68827,            0.012473,           0.0020701,                   0,            0.001882,            0.001882,            0.001882
                 248,            0.015117,           0.0020924,                   0,             0.96106,              0.9469,              0.9878,             0.68665,             0.01176,           0.0021063,                   0,            0.001849,            0.001849,            0.001849
                 249,            0.012263,            0.001932,                   0,             0.97265,             0.94418,             0.99043,             0.68936,            0.011862,            0.002147,                   0,            0.001816,            0.001816,            0.001816
                 250,             0.01233,           0.0021548,                   0,             0.94037,             0.97698,             0.99052,             0.70445,            0.011797,           0.0021023,                   0,            0.001783,            0.001783,            0.001783
                 251,            0.012339,           0.0020867,                   0,             0.94526,              0.9823,             0.99015,             0.70296,            0.012324,           0.0020468,                   0,             0.00175,             0.00175,             0.00175
                 252,            0.013294,           0.0020794,                   0,             0.92484,             0.98011,             0.98778,             0.71633,            0.011661,           0.0020383,                   0,            0.001717,            0.001717,            0.001717
                 253,            0.012369,           0.0022298,                   0,             0.92251,              0.9823,             0.98769,             0.70889,            0.012261,           0.0020421,                   0,            0.001684,            0.001684,            0.001684
                 254,            0.012257,             0.00217,                   0,             0.92236,              0.9823,              0.9876,             0.70358,            0.012157,           0.0020484,                   0,            0.001651,            0.001651,            0.001651
                 255,            0.012237,           0.0021326,                   0,             0.94063,             0.95575,             0.98809,             0.70126,            0.012465,           0.0020783,                   0,            0.001618,            0.001618,            0.001618
                 256,            0.011023,            0.002014,                   0,              0.9386,             0.97345,             0.98806,             0.69787,              0.0136,           0.0020656,                   0,            0.001585,            0.001585,            0.001585
                 257,            0.010608,           0.0019129,                   0,             0.92908,             0.97345,             0.98715,             0.70188,            0.013542,           0.0020622,                   0,            0.001552,            0.001552,            0.001552
                 258,            0.014262,           0.0021989,                   0,             0.92916,             0.97345,             0.98613,             0.68693,            0.011731,             0.00209,                   0,            0.001519,            0.001519,            0.001519
                 259,            0.012379,            0.002017,                   0,              0.9238,             0.97345,             0.98655,             0.69612,            0.012359,           0.0021169,                   0,            0.001486,            0.001486,            0.001486
                 260,             0.01044,           0.0020593,                   0,             0.92667,             0.97345,             0.98641,             0.70946,            0.012332,           0.0020998,                   0,            0.001453,            0.001453,            0.001453
                 261,            0.011806,           0.0020673,                   0,             0.92434,              0.9731,             0.98674,             0.70095,            0.012158,           0.0020931,                   0,             0.00142,             0.00142,             0.00142
                 262,            0.012163,           0.0020744,                   0,             0.95513,             0.94201,             0.98741,             0.72293,            0.012004,           0.0020685,                   0,            0.001387,            0.001387,            0.001387
                 263,             0.01082,           0.0021061,                   0,             0.91442,             0.97345,             0.98676,             0.70748,            0.012273,           0.0020494,                   0,            0.001354,            0.001354,            0.001354
                 264,            0.011119,           0.0019534,                   0,             0.94703,             0.93805,             0.98547,             0.69086,            0.012621,           0.0020808,                   0,            0.001321,            0.001321,            0.001321
                 265,            0.011022,           0.0018916,                   0,             0.97095,             0.92035,             0.98525,             0.68914,            0.012156,            0.002062,                   0,            0.001288,            0.001288,            0.001288
                 266,            0.011155,           0.0019182,                   0,             0.91498,              0.9823,             0.98649,             0.69394,            0.011344,           0.0020526,                   0,            0.001255,            0.001255,            0.001255
                 267,            0.012224,           0.0020754,                   0,             0.90411,              0.9823,             0.98702,             0.71595,            0.012639,           0.0020353,                   0,            0.001222,            0.001222,            0.001222
                 268,            0.011885,           0.0020466,                   0,             0.91732,             0.98181,              0.9876,             0.69263,            0.012629,           0.0020564,                   0,            0.001189,            0.001189,            0.001189
                 269,            0.011562,           0.0020849,                   0,             0.91727,             0.98125,             0.98808,              0.6913,             0.01226,           0.0020663,                   0,            0.001156,            0.001156,            0.001156
                 270,            0.012474,           0.0019709,                   0,             0.98654,              0.9115,             0.98811,               0.691,            0.012096,           0.0020707,                   0,            0.001123,            0.001123,            0.001123
                 271,            0.012639,           0.0019396,                   0,             0.92506,             0.98313,             0.98997,             0.68537,            0.011161,           0.0020755,                   0,             0.00109,             0.00109,             0.00109
                 272,             0.01111,           0.0019918,                   0,             0.94835,             0.95575,             0.99092,             0.70718,            0.010621,           0.0020535,                   0,            0.001057,            0.001057,            0.001057
                 273,            0.010637,           0.0019446,                   0,             0.94391,             0.95575,             0.98879,             0.70895,            0.011029,           0.0020519,                   0,            0.001024,            0.001024,            0.001024
                 274,           0.0096731,           0.0018119,                   0,              0.9324,             0.97652,             0.98836,             0.71484,            0.011031,            0.002053,                   0,            0.000991,            0.000991,            0.000991
                 275,            0.012456,           0.0020728,                   0,             0.93484,             0.97345,             0.98844,             0.70754,            0.011045,           0.0020315,                   0,            0.000958,            0.000958,            0.000958
                 276,            0.011618,           0.0022148,                   0,             0.93145,              0.9823,             0.98826,             0.70348,            0.011268,           0.0020402,                   0,            0.000925,            0.000925,            0.000925
                 277,            0.011823,           0.0020268,                   0,             0.92833,              0.9823,             0.98795,             0.70864,            0.010868,            0.002071,                   0,            0.000892,            0.000892,            0.000892
                 278,            0.010161,            0.001937,                   0,             0.93276,             0.98203,             0.98819,             0.71854,            0.011899,            0.002051,                   0,            0.000859,            0.000859,            0.000859
                 279,            0.010127,           0.0019171,                   0,             0.93243,             0.97692,             0.98725,             0.70838,            0.012216,           0.0020569,                   0,            0.000826,            0.000826,            0.000826
                 280,            0.012513,           0.0020094,                   0,             0.94222,              0.9646,             0.98722,             0.70093,            0.011849,           0.0020586,                   0,            0.000793,            0.000793,            0.000793
                 281,            0.011582,           0.0020152,                   0,             0.93995,             0.96964,             0.98751,             0.71014,            0.012088,           0.0020336,                   0,             0.00076,             0.00076,             0.00076
                 282,            0.011561,           0.0020248,                   0,             0.93969,             0.96523,             0.98719,             0.69787,            0.011686,           0.0020355,                   0,            0.000727,            0.000727,            0.000727
                 283,            0.011124,           0.0020269,                   0,             0.94453,             0.95575,             0.98741,             0.70319,            0.011572,           0.0020436,                   0,            0.000694,            0.000694,            0.000694
                 284,            0.009933,           0.0018489,                   0,             0.94501,              0.9646,             0.98738,             0.70227,            0.011639,           0.0020579,                   0,            0.000661,            0.000661,            0.000661
                 285,            0.011067,           0.0020698,                   0,             0.94749,             0.95819,             0.98723,             0.69003,            0.011171,            0.002089,                   0,            0.000628,            0.000628,            0.000628
                 286,           0.0099863,           0.0019336,                   0,             0.95573,             0.95518,             0.98783,             0.70708,            0.011149,            0.002062,                   0,            0.000595,            0.000595,            0.000595
                 287,           0.0099324,           0.0018171,                   0,             0.95594,             0.96001,             0.98772,             0.70911,            0.011553,           0.0020339,                   0,            0.000562,            0.000562,            0.000562
                 288,            0.010004,           0.0020052,                   0,             0.94241,              0.9646,             0.98767,             0.71046,            0.011345,           0.0020216,                   0,            0.000529,            0.000529,            0.000529
                 289,            0.010986,           0.0020285,                   0,              0.9478,             0.96409,             0.98786,              0.7095,            0.011538,           0.0020218,                   0,            0.000496,            0.000496,            0.000496
                 290,            0.011423,           0.0021449,                   0,             0.94769,             0.96189,             0.98797,              0.7066,            0.011338,           0.0020266,                   0,            0.000463,            0.000463,            0.000463
                 291,           0.0097681,           0.0018686,                   0,             0.94622,              0.9646,             0.98771,              0.7031,            0.011572,           0.0020162,                   0,             0.00043,             0.00043,             0.00043
                 292,            0.010312,           0.0019049,                   0,               0.948,             0.96808,             0.98758,             0.70546,            0.011348,           0.0019978,                   0,            0.000397,            0.000397,            0.000397
                 293,            0.010724,           0.0019857,                   0,             0.94815,             0.97103,              0.9875,             0.70773,             0.01142,           0.0019924,                   0,            0.000364,            0.000364,            0.000364
                 294,           0.0094939,           0.0019059,                   0,             0.94811,             0.97022,             0.98779,             0.70468,            0.011422,           0.0019978,                   0,            0.000331,            0.000331,            0.000331
                 295,           0.0094221,           0.0018835,                   0,             0.94326,              0.9646,             0.98798,             0.71368,            0.011398,            0.002004,                   0,            0.000298,            0.000298,            0.000298
                 296,           0.0099562,           0.0018987,                   0,              0.9405,              0.9646,             0.98804,             0.70346,            0.011634,           0.0020015,                   0,            0.000265,            0.000265,            0.000265
                 297,            0.011938,            0.002024,                   0,             0.93995,              0.9697,             0.98787,             0.70761,            0.011091,           0.0020099,                   0,            0.000232,            0.000232,            0.000232
                 298,            0.010698,           0.0021323,                   0,             0.94013,             0.97279,             0.98773,              0.7067,            0.010912,           0.0020088,                   0,            0.000199,            0.000199,            0.000199
                 299,            0.010381,           0.0020002,                   0,             0.93247,             0.97345,             0.98784,             0.70809,            0.010918,           0.0020072,                   0,            0.000166,            0.000166,            0.000166
